insert into department (dept_id, dept_name) values 
('COL','computer'),
('ELL','ell'),
('MCP','mcp'),
('APL','apl'),
('CVL','cvl'),
('SBL','sbl'),
('CML','cml'),
('PYL','pyl'),
('MTL','mtl'),
('HUL','hul'),
('ASL','asl'),
('RDL','rdl');

insert into valid_entry values
('COL',2024,1),
('COL',2023,1),
('ELL',2023,1),
('MCP',2023,1),
('APL',2023,1),
('CVL',2023,1),
('SBL',2023,1),
('CML',2023,1),
('PYL',2023,1),
('MTL',2023,1),
('HUL',2023,1),
('ASL',2023,1),
('RDL',2023,1);

insert into professor (professor_id, professor_first_name, professor_last_name, office_number, contact_number, start_year, resign_year, dept_id) values 
('P004', 'John', 'Doe', 'Office101', '1234567890', 2010, 2025, 'COL'),
('P005', 'Jane', 'Smith', 'Office102', '9876543210', 2008, 2025, 'COL'),
('P006', 'Alice', 'Johnson', 'Office103', '1112223333', 2015, 2025, 'COL'),
('P009', 'Alice', 'Johnson', 'Office103', '1112223333', 2015, 2025, 'MTL'),
('P007','Rahul','Kumar','Office105','1234567890',2010,2025,'SBL'),
('P010', 'Michael', 'Brown', 'Office104', '5551112222', 2012, 2025, 'ELL'),
('P011', 'Jennifer', 'Martinez', 'Office105', '9998887777', 2014, 2025, 'ELL'),
('P012', 'William', 'Lee', 'Office106', '3334445555', 2013, 2025, 'ELL'),
('P013', 'Sophia', 'Wang', 'Office107', '7776665555', 2016, 2025, 'MCP'),
('P014', 'Daniel', 'Garcia', 'Office108', '4443332222', 2011, 2025, 'MCP'),
('P015', 'Emily', 'Taylor', 'Office109', '8889990000', 2017, 2025, 'MCP'),
('P016', 'Matthew', 'Anderson', 'Office110', '2223334444', 2012, 2025, 'APL'),
('P017', 'Olivia', 'Hernandez', 'Office111', '6665554444', 2013, 2025, 'APL'),
('P018', 'Ethan', 'Lopez', 'Office112', '1112223333', 2015, 2025, 'APL'),
('P019', 'Ava', 'Gonzalez', 'Office113', '5556667777', 2016, 2025, 'CVL'),
('P020', 'Alexander', 'Perez', 'Office114', '9998887777', 2014, 2025, 'CVL'),
('P021', 'Mia', 'Rodriguez', 'Office115', '3332221111', 2017, 2025, 'CVL'),
('P022', 'James', 'Lewis', 'Office116', '7778889999', 2010, 2025, 'SBL'),
('P023', 'Charlotte', 'Moore', 'Office117', '2223334444', 2011, 2025, 'SBL'),
('P024', 'Benjamin', 'Young', 'Office118', '8887776666', 2012, 2025, 'SBL'),
('P025', 'Jacob', 'Hill', 'Office119', '5554443333', 2013, 2025, 'CML'),
('P026', 'Emma', 'Scott', 'Office120', '9990001111', 2014, 2025, 'CML'),
('P027', 'Michael', 'Green', 'Office121', '3332221111', 2015, 2025, 'CML'),
('P028', 'Elizabeth', 'Adams', 'Office122', '7778889999', 2016, 2025, 'PYL'),
('P029', 'William', 'Baker', 'Office123', '2223334444', 2017, 2025, 'PYL'),
('P030', 'Daniel', 'Gonzalez', 'Office124', '8887776666', 2010, 2025, 'PYL'),
('P031', 'Sophia', 'Nelson', 'Office125', '4445556666', 2011, 2025, 'MTL'),
('P032', 'James', 'Carter', 'Office126', '6665554444', 2012, 2025, 'MTL'),
('P033', 'Olivia', 'Wright', 'Office127', '1112223333', 2013, 2025, 'MTL'),
('P034', 'Alexander', 'King', 'Office128', '7776665555', 2014, 2025, 'HUL'),
('P035', 'Emily', 'Lee', 'Office129', '2223334444', 2015, 2025, 'HUL'),
('P036', 'William', 'Cruz', 'Office130', '8889990000', 2016, 2025, 'HUL'),
('P037', 'Ava', 'Hill', 'Office131', '4443332222', 2017, 2025, 'ASL'),
('P038', 'Jacob', 'Roberts', 'Office132', '9998887777', 2010, 2025, 'ASL'),
('P039', 'Emma', 'Campbell', 'Office133', '3334445555', 2011, 2025, 'ASL'),
('P040', 'Michael', 'Mitchell', 'Office134', '7776665555', 2012, 2025, 'RDL'),
('P041', 'Elizabeth', 'Perez', 'Office135', '2223334444', 2013, 2025, 'RDL'),
('P042', 'William', 'Sanchez', 'Office136', '8887776666', 2014, 2025, 'RDL');

insert into courses (course_id, course_name, course_desc, credits, dept_id) values
('COL331','os','os',4,'COL'),
('COL352','toc','toc',3,'COL'),
('COL380','pp','pp',3,'COL'),
('COL362','dbms','dbms',4,'COL'),
('MTL105','algebra','algebra',4,'MTL'),
('SBL100','bio','bio',4,'SBL'),
('MCP301', 'machine', 'Introduction to Machine Learning', 3, 'MCP'),
('MCP302', 'data', 'Data Mining Techniques', 3, 'MCP'),
('MCP303', 'cloud', 'Cloud Computing Fundamentals', 4, 'MCP'),
('MCP304', 'cyber_security', 'Cyber Security Basics', 3, 'MCP'),
('MCP305', 'big_data', 'Big Data Analytics', 4, 'MCP'),
('APL201', 'phonetics', 'Phonetics and Phonology', 3, 'APL'),
('APL202', 'syntax', 'Syntax and Morphology', 3, 'APL'),
('APL203', 'semantics', 'Semantics and Pragmatics', 3, 'APL'),
('APL204', 'language', 'Language Acquisition', 4, 'APL'),
('APL205', 'socioling', 'Sociolinguistics', 4, 'APL'),
('CVL301', 'structura', 'Structural Analysis', 4, 'CVL'),
('CVL302', 'transporta', 'Transportation Engineering', 3, 'CVL'),
('CVL303', 'environment', 'Environmental Engineering', 4, 'CVL'),
('CVL304', 'geotechnic', 'Geotechnical Engineering', 4, 'CVL'),
('CVL305', 'constructi', 'Construction Management', 3, 'CVL'),
('PYL201', 'classica', 'Classical Mechanics', 4, 'PYL'),
('PYL202', 'electromag', 'Electromagnetism', 4, 'PYL'),
('PYL203', 'quantum_s', 'Quantum Mechanics', 4, 'PYL'),
('PYL204', 'thermodyna', 'Thermodynamics', 3, 'PYL'),
('PYL205', 'optics', 'Optics and Waves', 3, 'PYL'),
('MTL201', 'calculus', 'Calculus and Analytic Geometry', 4, 'MTL'),
('MTL202', 'linear_algebra', 'Linear Algebra', 3, 'MTL'),
('MTL203', 'real_analysis', 'Real Analysis', 4, 'MTL'),
('MTL204', 'abstract_algebra', 'Abstract Algebra', 3, 'MTL'),
('MTL205', 'topology', 'Topology', 3, 'MTL'),
('HUL201', 'world_history', 'World History', 3, 'HUL'),
('HUL202', 'philosophy', 'Introduction to Philosophy', 3, 'HUL'),
('HUL203', 'literature', 'Literature Appreciation', 3, 'HUL'),
('HUL204', 'sociology', 'Introduction to Sociology', 4, 'HUL'),
('HUL205', 'psychology', 'Introduction to Psychology', 4, 'HUL'),
('ASL301', 'celestials', 'Celestial Mechanics', 4, 'ASL'),
('ASL302', 'astrophysics', 'Astrophysics', 4, 'ASL'),
('ASL303', 'cosmology', 'Cosmology', 4, 'ASL'),
('ASL304', 'planetary_science', 'Planetary Science', 3, 'ASL'),
('ASL305', 'astrobiology', 'Astrobiology', 3, 'ASL'),
('RDL201', 'radiation_physics', 'Radiation Physics', 4, 'RDL'),
('RDL202', 'radiobiology', 'Radiobiology', 3, 'RDL'),
('RDL203', 'medical_imaging', 'Medical Imaging Techniques', 4, 'RDL'),
('RDL204', 'nuclear_medicine', 'Nuclear Medicine', 4, 'RDL'),
('RDL205', 'radiation_therapy', 'Radiation Therapy', 5, 'RDL');

insert into course_offers (course_id, session, semester, professor_id, capacity, enrollments) values
('COL331','2023-2024',1,'P004',50,30),
('COL352','2023-2024',1,'P005',50,30),
('COL380','2023-2024',1,'P006',50,30),
('COL362','2023-2024',1,'P004',50,30),
('MTL105','2023-2024',1,'P009',50,30),
('SBL100','2023-2024',1,'P007',50,30),
('MCP301', '2023-2024', 1, 'P004', 50, 30),
('MCP302', '2023-2024', 1, 'P005', 50, 30),
('MCP303', '2023-2024', 1, 'P006', 50, 30),
('MCP304', '2023-2024', 1, 'P007', 50, 30),
('MCP305', '2023-2024', 1, 'P009', 50, 30),
('APL201', '2023-2024', 1, 'P004', 50, 30),
('APL202', '2023-2024', 1, 'P005', 50, 30),
('APL203', '2023-2024', 1, 'P006', 50, 30),
('APL204', '2023-2024', 1, 'P007', 50, 30),
('APL205', '2023-2024', 1, 'P009', 50, 30),
('CVL301', '2023-2024', 1, 'P004', 50, 30),
('CVL302', '2023-2024', 1, 'P005', 50, 30),
('CVL303', '2023-2024', 1, 'P006', 50, 30),
('CVL304', '2023-2024', 1, 'P007', 50, 30),
('CVL305', '2023-2024', 1, 'P009', 50, 30),
('PYL201', '2023-2024', 1, 'P004', 50, 30),
('PYL202', '2023-2024', 1, 'P005', 50, 30),
('PYL203', '2023-2024', 1, 'P006', 50, 30),
('PYL204', '2023-2024', 1, 'P007', 50, 30),
('PYL205', '2023-2024', 1, 'P009', 50, 30),
('MTL201', '2023-2024', 1, 'P004', 50, 30),
('MTL202', '2023-2024', 1, 'P005', 50, 30),
('MTL203', '2023-2024', 1, 'P006', 50, 30),
('MTL204', '2023-2024', 1, 'P007', 50, 30),
('MTL205', '2023-2024', 1, 'P009', 50, 30),
('HUL201', '2023-2024', 1, 'P004', 50, 30),
('HUL202', '2023-2024', 1, 'P005', 50, 30),
('HUL203', '2023-2024', 1, 'P006', 50, 30),
('HUL204', '2023-2024', 1, 'P007', 50, 30),
('HUL205', '2023-2024', 1, 'P009', 50, 30),
('ASL301', '2023-2024', 1, 'P004', 50, 30),
('ASL302', '2023-2024', 1, 'P005', 50, 30),
('ASL303', '2023-2024', 1, 'P006', 50, 30),
('ASL304', '2023-2024', 1, 'P007', 50, 30),
('ASL305', '2023-2024', 1, 'P009', 50, 30),
('RDL201', '2023-2024', 1, 'P004', 50, 30),
('RDL202', '2023-2024', 1, 'P005', 50, 30),
('RDL203', '2023-2024', 1, 'P006', 50, 30),
('RDL204', '2023-2024', 1, 'P007', 50, 30),
('RDL205', '2023-2024', 1, 'P009', 50, 30);

INSERT INTO student VALUES
('nikhil','teja','2024COL001','delhi','1231234899','2024COL001@COL.iitd.ac.in',0,'COL'),
('John', 'Doe', '2023COL001', '123 Main Street, City, Country', '1234567890', '2023COL001@COL.iitd.ac.in', 0, 'COL'),
('Jane', 'Smith', '2023COL002', '456 Elm Street, City, Country', '2345678901', '2023COL002@COL.iitd.ac.in', 0, 'COL'),
('Alice', 'Johnson', '2023COL003', '789 Oak Street, City, Country', '3456789012', '2023COL003@COL.iitd.ac.in', 0, 'COL'),
('Bob', 'Williams', '2023COL004', '101 Maple Street, City, Country', '4567890123', '2023COL004@COL.iitd.ac.in', 0, 'COL'),
('Michael', 'Brown', '2023ELL001', '202 Pine Street, City, Country', '5678901234', '2023ELL001@ELL.iitd.ac.in', 0, 'ELL'),
('Jessica', 'Jones', '2023ELL002', '303 Cedar Street, City, Country', '6789012345', '2023ELL002@ELL.iitd.ac.in', 0, 'ELL'),
('David', 'Garcia', '2023ELL003', '404 Walnut Street, City, Country', '7890123456', '2023ELL003@ELL.iitd.ac.in', 0, 'ELL'),
('Sarah', 'Martinez', '2023MTL001', '505 Birch Street, City, Country', '8901234567', '2023MTL001@MTL.iitd.ac.in', 0, 'MTL'),
('William', 'Hernandez', '2023MTL002', '606 Spruce Street, City, Country', '9012345678', '2023MTL002@MTL.iitd.ac.in', 0, 'MTL'),
('Emily', 'Lopez', '2023APL001', '707 Cherry Street, City, Country', '0123456789', '2023APL001@APL.iitd.ac.in', 0, 'APL'),
('Daniel', 'Gonzalez', '2023APL002', '808 Cedar Street, City, Country', '1234567891', '2023APL002@APL.iitd.ac.in', 0, 'APL');


insert into student_courses (student_id, course_id, session, semester, grade) values
('2024COL001','COL380','2023-2024',1,9),
('2024COL001','COL362','2023-2024',1,8),
('2024COL001','MTL105','2023-2024',1,7),
('2023COL001', 'COL331', '2023-2024', 1, 8),
('2023COL001', 'COL352', '2023-2024', 1, 9),
('2023COL001', 'COL362', '2023-2024', 1, 9),
('2023COL002', 'COL331', '2023-2024', 1, 8),
('2023COL002', 'COL352', '2023-2024', 1, 7),
('2023COL002', 'COL380', '2023-2024', 1, 9),
('2023COL002', 'COL362', '2023-2024', 1, 8),
('2023COL002', 'MTL105', '2023-2024', 1, 7),
('2023COL003', 'COL331', '2023-2024', 1, 8),
('2023COL003', 'COL352', '2023-2024', 1, 7),
('2023COL003', 'COL380', '2023-2024', 1, 9),
('2023COL003', 'COL362', '2023-2024', 1, 8),
('2023COL003', 'MTL105', '2023-2024', 1, 7),
('2023COL004', 'COL331', '2023-2024', 1, 8),
('2023COL004', 'COL352', '2023-2024', 1, 7),
('2023COL004', 'COL380', '2023-2024', 1, 9),
('2023COL004', 'COL362', '2023-2024', 1, 8),
('2023COL004', 'MTL105', '2023-2024', 1, 7),
('2023ELL001', 'PYL201', '2023-2024', 1, 8),
('2023ELL001', 'PYL202', '2023-2024', 1, 7),
('2023ELL001', 'PYL203', '2023-2024', 1, 9),
('2023ELL001', 'PYL204', '2023-2024', 1, 8),
('2023ELL002', 'PYL201', '2023-2024', 1, 8),
('2023ELL002', 'PYL202', '2023-2024', 1, 7),
('2023ELL002', 'PYL203', '2023-2024', 1, 9),
('2023ELL002', 'PYL204', '2023-2024', 1, 8),
('2023ELL003', 'PYL201', '2023-2024', 1, 8),
('2023ELL003', 'PYL202', '2023-2024', 1, 7),
('2023ELL003', 'PYL203', '2023-2024', 1, 9),
('2023ELL003', 'PYL204', '2023-2024', 1, 8),
('2023MTL001', 'MTL201', '2023-2024', 1, 8),
('2023MTL001', 'MTL202', '2023-2024', 1, 7),
('2023MTL001', 'MTL203', '2023-2024', 1, 9),
('2023MTL001', 'MTL204', '2023-2024', 1, 8),
('2023MTL002', 'MTL201', '2023-2024', 1, 8),
('2023MTL002', 'MTL202', '2023-2024', 1, 7),
('2023MTL002', 'MTL203', '2023-2024', 1, 9),
('2023MTL002', 'MTL204', '2023-2024', 1, 8),
('2023APL001', 'APL201', '2023-2024', 1, 8),
('2023APL001', 'APL202', '2023-2024', 1, 7),
('2023APL001', 'APL203', '2023-2024', 1, 9),
('2023APL001', 'APL204', '2023-2024', 1, 8),
('2023APL002', 'APL201', '2023-2024', 1, 8),
('2023APL002', 'APL202', '2023-2024', 1, 7),
('2023APL002', 'APL203', '2023-2024', 1, 9),
('2023APL002', 'APL204', '2023-2024', 1, 8);